{"cameraMode":{"drawMode":0,"name":"Shaded","section":"Shading Mode"},"sceneLighting":true,"audioPlay":false,"sceneViewState":{"m_AlwaysRefresh":false,"showFog":true,"showSkybox":true,"showFlares":true,"showImageEffects":true,"showParticleSystems":true,"showVisualEffectGraphs":true,"m_FxEnabled":true},"in2DMode":false,"pivot":{"x":-21.742807388305665,"y":10.902153968811036,"z":7.569089889526367},"rotation":{"x":0.1200098767876625,"y":-0.1590529978275299,"z":0.01913619041442871,"w":0.9799103736877441},"size":0.8636096715927124,"orthographic":false}