{"cameraMode":{"drawMode":0,"name":"Shaded","section":"Shading Mode"},"sceneLighting":false,"audioPlay":false,"sceneViewState":{"m_AlwaysRefresh":false,"showFog":true,"showSkybox":false,"showFlares":true,"showImageEffects":true,"showParticleSystems":true,"showVisualEffectGraphs":true,"m_FxEnabled":true},"in2DMode":false,"pivot":{"x":-58.560184478759769,"y":1.0286089181900025,"z":-35.197898864746097},"rotation":{"x":-0.017519822344183923,"y":-0.35253632068634035,"z":0.007107009179890156,"w":-0.9357496500015259},"size":3.464101552963257,"orthographic":false}