{"cameraMode":{"drawMode":0,"name":"Shaded","section":"Shading Mode"},"sceneLighting":false,"audioPlay":false,"sceneViewState":{"m_AlwaysRefresh":false,"showFog":true,"showSkybox":false,"showFlares":true,"showImageEffects":true,"showParticleSystems":true,"showVisualEffectGraphs":true,"m_FxEnabled":true},"in2DMode":false,"pivot":{"x":-19.155929565429689,"y":4.031524181365967,"z":53.762229919433597},"rotation":{"x":0.012780612334609032,"y":0.23064488172531129,"z":-0.003356916829943657,"w":0.9730968475341797},"size":13.857584953308106,"orthographic":false}