{"cameraMode":{"drawMode":0,"name":"Shaded","section":"Shading Mode"},"sceneLighting":false,"audioPlay":false,"sceneViewState":{"m_AlwaysRefresh":false,"showFog":true,"showSkybox":false,"showFlares":true,"showImageEffects":true,"showParticleSystems":true,"showVisualEffectGraphs":true,"m_FxEnabled":true},"in2DMode":false,"pivot":{"x":-61.602413177490237,"y":0.9356921911239624,"z":-39.2215576171875},"rotation":{"x":-0.09122295677661896,"y":0.06424027681350708,"z":-0.005415755324065685,"w":-0.9938658475875855},"size":1.0641019344329835,"orthographic":false}